X,Y,ASCII,Foreground,Background
0,0,201,#FFFFFF,#000000
1,0,205,#FFFFFF,#000000
2,0,205,#FFFFFF,#000000
3,0,205,#FFFFFF,#000000
4,0,205,#FFFFFF,#000000
5,0,205,#FFFFFF,#000000
6,0,205,#FFFFFF,#000000
7,0,205,#FFFFFF,#000000
8,0,205,#FFFFFF,#000000
9,0,205,#FFFFFF,#000000
10,0,205,#FFFFFF,#000000
11,0,205,#FFFFFF,#000000
12,0,205,#FFFFFF,#000000
13,0,205,#FFFFFF,#000000
14,0,205,#FFFFFF,#000000
15,0,205,#FFFFFF,#000000
16,0,205,#FFFFFF,#000000
17,0,205,#FFFFFF,#000000
18,0,205,#FFFFFF,#000000
19,0,205,#FFFFFF,#000000
20,0,205,#FFFFFF,#000000
21,0,205,#FFFFFF,#000000
22,0,205,#FFFFFF,#000000
23,0,205,#FFFFFF,#000000
24,0,205,#FFFFFF,#000000
25,0,205,#FFFFFF,#000000
26,0,205,#FFFFFF,#000000
27,0,205,#FFFFFF,#000000
28,0,205,#FFFFFF,#000000
29,0,205,#FFFFFF,#000000
30,0,205,#FFFFFF,#000000
31,0,205,#FFFFFF,#000000
32,0,205,#FFFFFF,#000000
33,0,205,#FFFFFF,#000000
34,0,205,#FFFFFF,#000000
35,0,205,#FFFFFF,#000000
36,0,205,#FFFFFF,#000000
37,0,205,#FFFFFF,#000000
38,0,205,#FFFFFF,#000000
39,0,205,#FFFFFF,#000000
40,0,205,#FFFFFF,#000000
41,0,205,#FFFFFF,#000000
42,0,205,#FFFFFF,#000000
43,0,205,#FFFFFF,#000000
44,0,205,#FFFFFF,#000000
45,0,205,#FFFFFF,#000000
46,0,205,#FFFFFF,#000000
47,0,205,#FFFFFF,#000000
48,0,205,#FFFFFF,#000000
49,0,205,#FFFFFF,#000000
50,0,205,#FFFFFF,#000000
51,0,205,#FFFFFF,#000000
52,0,205,#FFFFFF,#000000
53,0,205,#FFFFFF,#000000
54,0,205,#FFFFFF,#000000
55,0,187,#FFFFFF,#000000
0,1,186,#FFFFFF,#000000
1,1,219,#000000,#000000
2,1,219,#000000,#000000
3,1,219,#000000,#000000
4,1,219,#000000,#000000
5,1,219,#000000,#000000
6,1,219,#000000,#000000
7,1,219,#000000,#000000
8,1,219,#000000,#000000
9,1,219,#000000,#000000
10,1,219,#000000,#000000
11,1,219,#000000,#000000
12,1,219,#000000,#000000
13,1,219,#000000,#000000
14,1,219,#000000,#000000
15,1,219,#000000,#000000
16,1,219,#000000,#000000
17,1,219,#000000,#000000
18,1,219,#000000,#000000
19,1,219,#000000,#000000
20,1,219,#000000,#000000
21,1,219,#000000,#000000
22,1,219,#000000,#000000
23,1,219,#000000,#000000
24,1,219,#000000,#000000
25,1,219,#000000,#000000
26,1,219,#000000,#000000
27,1,219,#000000,#000000
28,1,219,#000000,#000000
29,1,219,#000000,#000000
30,1,219,#000000,#000000
31,1,219,#000000,#000000
32,1,219,#000000,#000000
33,1,219,#000000,#000000
34,1,219,#000000,#000000
35,1,219,#000000,#000000
36,1,219,#000000,#000000
37,1,219,#000000,#000000
38,1,219,#000000,#000000
39,1,219,#000000,#000000
40,1,219,#000000,#000000
41,1,219,#000000,#000000
42,1,219,#000000,#000000
43,1,219,#000000,#000000
44,1,219,#000000,#000000
45,1,219,#000000,#000000
46,1,219,#000000,#000000
47,1,219,#000000,#000000
48,1,219,#000000,#000000
49,1,219,#000000,#000000
50,1,219,#000000,#000000
51,1,219,#000000,#000000
52,1,219,#000000,#000000
53,1,219,#000000,#000000
54,1,219,#000000,#000000
55,1,186,#FFFFFF,#000000
0,2,186,#FFFFFF,#000000
1,2,219,#000000,#000000
2,2,219,#000000,#000000
3,2,219,#000000,#000000
4,2,219,#000000,#000000
5,2,219,#000000,#000000
6,2,219,#000000,#000000
7,2,219,#000000,#000000
8,2,219,#000000,#000000
9,2,219,#000000,#000000
10,2,219,#000000,#000000
11,2,219,#000000,#000000
12,2,219,#000000,#000000
13,2,218,#4D4D4D,#000000
14,2,196,#4D4D4D,#000000
15,2,196,#4D4D4D,#000000
16,2,196,#4D4D4D,#000000
17,2,196,#4D4D4D,#000000
18,2,196,#4D4D4D,#000000
19,2,196,#4D4D4D,#000000
20,2,196,#4D4D4D,#000000
21,2,191,#4D4D4D,#000000
22,2,219,#000000,#000000
23,2,219,#000000,#000000
24,2,219,#000000,#000000
25,2,219,#000000,#000000
26,2,219,#000000,#000000
27,2,219,#000000,#000000
28,2,219,#000000,#000000
29,2,218,#4D4D4D,#000000
30,2,196,#4D4D4D,#000000
31,2,196,#4D4D4D,#000000
32,2,196,#4D4D4D,#000000
33,2,196,#4D4D4D,#000000
34,2,196,#4D4D4D,#000000
35,2,196,#4D4D4D,#000000
36,2,191,#4D4D4D,#000000
37,2,219,#000000,#000000
38,2,219,#000000,#000000
39,2,219,#000000,#000000
40,2,219,#000000,#000000
41,2,219,#000000,#000000
42,2,219,#000000,#000000
43,2,219,#000000,#000000
44,2,219,#000000,#000000
45,2,219,#000000,#000000
46,2,219,#000000,#000000
47,2,219,#000000,#000000
48,2,219,#000000,#000000
49,2,219,#000000,#000000
50,2,219,#000000,#000000
51,2,219,#000000,#000000
52,2,219,#000000,#000000
53,2,219,#000000,#000000
54,2,219,#000000,#000000
55,2,186,#FFFFFF,#000000
0,3,186,#FFFFFF,#000000
1,3,219,#000000,#000000
2,3,219,#000000,#000000
3,3,219,#000000,#000000
4,3,219,#000000,#000000
5,3,219,#000000,#000000
6,3,219,#000000,#000000
7,3,219,#000000,#000000
8,3,219,#000000,#000000
9,3,219,#000000,#000000
10,3,219,#000000,#000000
11,3,219,#000000,#000000
12,3,219,#000000,#000000
13,3,179,#4D4D4D,#000000
14,3,32,#000000,#000000
15,3,32,#000000,#000000
16,3,32,#000000,#000000
17,3,32,#000000,#000000
18,3,32,#000000,#000000
19,3,32,#000000,#000000
20,3,32,#000000,#000000
21,3,179,#4D4D4D,#000000
22,3,219,#000000,#000000
23,3,219,#000000,#000000
24,3,219,#000000,#000000
25,3,219,#000000,#000000
26,3,219,#000000,#000000
27,3,219,#000000,#000000
28,3,219,#000000,#000000
29,3,179,#4D4D4D,#000000
30,3,32,#000000,#000000
31,3,32,#000000,#000000
32,3,32,#000000,#000000
33,3,32,#000000,#000000
34,3,32,#000000,#000000
35,3,32,#000000,#000000
36,3,179,#4D4D4D,#000000
37,3,219,#000000,#000000
38,3,219,#000000,#000000
39,3,219,#000000,#000000
40,3,219,#000000,#000000
41,3,219,#000000,#000000
42,3,219,#000000,#000000
43,3,219,#000000,#000000
44,3,219,#000000,#000000
45,3,219,#000000,#000000
46,3,219,#000000,#000000
47,3,219,#000000,#000000
48,3,219,#000000,#000000
49,3,219,#000000,#000000
50,3,219,#000000,#000000
51,3,219,#000000,#000000
52,3,219,#000000,#000000
53,3,219,#000000,#000000
54,3,219,#000000,#000000
55,3,186,#FFFFFF,#000000
0,4,186,#FFFFFF,#000000
1,4,219,#000000,#000000
2,4,219,#000000,#000000
3,4,219,#000000,#000000
4,4,219,#000000,#000000
5,4,219,#000000,#000000
6,4,219,#000000,#000000
7,4,219,#000000,#000000
8,4,219,#000000,#000000
9,4,219,#000000,#000000
10,4,219,#000000,#000000
11,4,219,#000000,#000000
12,4,219,#000000,#000000
13,4,179,#4D4D4D,#000000
14,4,32,#000000,#000000
15,4,32,#000000,#000000
16,4,71,#4D4D4D,#000000
17,4,121,#4D4D4D,#000000
18,4,109,#4D4D4D,#000000
19,4,32,#000000,#000000
20,4,32,#000000,#000000
21,4,179,#4D4D4D,#000000
22,4,219,#000000,#000000
23,4,219,#000000,#000000
24,4,219,#000000,#000000
25,4,219,#000000,#000000
26,4,219,#000000,#000000
27,4,219,#000000,#000000
28,4,219,#000000,#000000
29,4,179,#4D4D4D,#000000
30,4,32,#000000,#000000
31,4,32,#000000,#000000
32,4,74,#4D4D4D,#000000
33,4,67,#4D4D4D,#000000
34,4,32,#000000,#000000
35,4,32,#000000,#000000
36,4,179,#4D4D4D,#000000
37,4,219,#000000,#000000
38,4,219,#000000,#000000
39,4,219,#000000,#000000
40,4,219,#000000,#000000
41,4,219,#000000,#000000
42,4,219,#000000,#000000
43,4,219,#000000,#000000
44,4,219,#000000,#000000
45,4,219,#000000,#000000
46,4,219,#000000,#000000
47,4,219,#000000,#000000
48,4,219,#000000,#000000
49,4,219,#000000,#000000
50,4,219,#000000,#000000
51,4,219,#000000,#000000
52,4,219,#000000,#000000
53,4,219,#000000,#000000
54,4,219,#000000,#000000
55,4,186,#FFFFFF,#000000
0,5,186,#FFFFFF,#000000
1,5,219,#000000,#000000
2,5,219,#000000,#000000
3,5,219,#000000,#000000
4,5,219,#000000,#000000
5,5,219,#000000,#000000
6,5,219,#000000,#000000
7,5,219,#000000,#000000
8,5,219,#000000,#000000
9,5,219,#000000,#000000
10,5,219,#000000,#000000
11,5,219,#000000,#000000
12,5,219,#000000,#000000
13,5,179,#4D4D4D,#000000
14,5,32,#000000,#000000
15,5,32,#000000,#000000
16,5,32,#000000,#000000
17,5,32,#000000,#000000
18,5,32,#000000,#000000
19,5,32,#000000,#000000
20,5,32,#000000,#000000
21,5,179,#4D4D4D,#000000
22,5,219,#000000,#000000
23,5,219,#000000,#000000
24,5,219,#000000,#000000
25,5,219,#000000,#000000
26,5,219,#000000,#000000
27,5,219,#000000,#000000
28,5,219,#000000,#000000
29,5,179,#4D4D4D,#000000
30,5,32,#000000,#000000
31,5,32,#000000,#000000
32,5,32,#000000,#000000
33,5,32,#000000,#000000
34,5,32,#000000,#000000
35,5,32,#000000,#000000
36,5,179,#4D4D4D,#000000
37,5,219,#000000,#000000
38,5,219,#000000,#000000
39,5,219,#000000,#000000
40,5,219,#000000,#000000
41,5,219,#000000,#000000
42,5,219,#000000,#000000
43,5,219,#000000,#000000
44,5,219,#000000,#000000
45,5,219,#000000,#000000
46,5,219,#000000,#000000
47,5,219,#000000,#000000
48,5,219,#000000,#000000
49,5,219,#000000,#000000
50,5,219,#000000,#000000
51,5,219,#000000,#000000
52,5,219,#000000,#000000
53,5,219,#000000,#000000
54,5,219,#000000,#000000
55,5,186,#FFFFFF,#000000
0,6,186,#FFFFFF,#000000
1,6,219,#000000,#000000
2,6,219,#000000,#000000
3,6,219,#000000,#000000
4,6,219,#000000,#000000
5,6,219,#000000,#000000
6,6,219,#000000,#000000
7,6,219,#000000,#000000
8,6,219,#000000,#000000
9,6,219,#000000,#000000
10,6,219,#000000,#000000
11,6,219,#000000,#000000
12,6,219,#000000,#000000
13,6,192,#4D4D4D,#000000
14,6,196,#4D4D4D,#000000
15,6,196,#4D4D4D,#000000
16,6,196,#4D4D4D,#000000
17,6,196,#4D4D4D,#000000
18,6,196,#4D4D4D,#000000
19,6,196,#4D4D4D,#000000
20,6,196,#4D4D4D,#000000
21,6,217,#4D4D4D,#000000
22,6,195,#4D4D4D,#000000
23,6,196,#4D4D4D,#000000
24,6,196,#4D4D4D,#000000
25,6,196,#4D4D4D,#000000
26,6,196,#4D4D4D,#000000
27,6,196,#4D4D4D,#000000
28,6,180,#4D4D4D,#000000
29,6,192,#4D4D4D,#000000
30,6,196,#4D4D4D,#000000
31,6,196,#4D4D4D,#000000
32,6,196,#4D4D4D,#000000
33,6,196,#4D4D4D,#000000
34,6,196,#4D4D4D,#000000
35,6,196,#4D4D4D,#000000
36,6,217,#4D4D4D,#000000
37,6,219,#000000,#000000
38,6,219,#000000,#000000
39,6,219,#000000,#000000
40,6,219,#000000,#000000
41,6,219,#000000,#000000
42,6,219,#000000,#000000
43,6,219,#000000,#000000
44,6,219,#000000,#000000
45,6,219,#000000,#000000
46,6,219,#000000,#000000
47,6,219,#000000,#000000
48,6,219,#000000,#000000
49,6,219,#000000,#000000
50,6,219,#000000,#000000
51,6,219,#000000,#000000
52,6,219,#000000,#000000
53,6,219,#000000,#000000
54,6,219,#000000,#000000
55,6,186,#FFFFFF,#000000
0,7,186,#FFFFFF,#000000
1,7,219,#000000,#000000
2,7,219,#000000,#000000
3,7,219,#000000,#000000
4,7,219,#000000,#000000
5,7,219,#000000,#000000
6,7,219,#000000,#000000
7,7,219,#000000,#000000
8,7,219,#000000,#000000
9,7,219,#000000,#000000
10,7,219,#000000,#000000
11,7,219,#000000,#000000
12,7,47,#4D4D4D,#000000
13,7,219,#000000,#000000
14,7,219,#000000,#000000
15,7,219,#000000,#000000
16,7,219,#000000,#000000
17,7,219,#000000,#000000
18,7,219,#000000,#000000
19,7,219,#000000,#000000
20,7,219,#000000,#000000
21,7,219,#000000,#000000
22,7,219,#000000,#000000
23,7,219,#000000,#000000
24,7,219,#000000,#000000
25,7,219,#000000,#000000
26,7,219,#000000,#000000
27,7,95,#4D4D4D,#000000
28,7,47,#4D4D4D,#000000
29,7,219,#000000,#000000
30,7,219,#000000,#000000
31,7,219,#000000,#000000
32,7,219,#000000,#000000
33,7,47,#4D4D4D,#000000
34,7,219,#000000,#000000
35,7,219,#000000,#000000
36,7,219,#000000,#000000
37,7,92,#4D4D4D,#000000
38,7,95,#4D4D4D,#000000
39,7,95,#4D4D4D,#000000
40,7,95,#4D4D4D,#000000
41,7,95,#4D4D4D,#000000
42,7,95,#4D4D4D,#000000
43,7,219,#000000,#000000
44,7,219,#000000,#000000
45,7,219,#000000,#000000
46,7,219,#000000,#000000
47,7,219,#000000,#000000
48,7,219,#000000,#000000
49,7,219,#000000,#000000
50,7,219,#000000,#000000
51,7,219,#000000,#000000
52,7,219,#000000,#000000
53,7,219,#000000,#000000
54,7,219,#000000,#000000
55,7,186,#FFFFFF,#000000
0,8,186,#FFFFFF,#000000
1,8,219,#000000,#000000
2,8,218,#4D4D4D,#000000
3,8,196,#4D4D4D,#000000
4,8,196,#4D4D4D,#000000
5,8,196,#4D4D4D,#000000
6,8,196,#4D4D4D,#000000
7,8,196,#4D4D4D,#000000
8,8,196,#4D4D4D,#000000
9,8,196,#4D4D4D,#000000
10,8,191,#4D4D4D,#000000
11,8,47,#4D4D4D,#000000
12,8,219,#000000,#000000
13,8,219,#000000,#000000
14,8,219,#000000,#000000
15,8,219,#000000,#000000
16,8,219,#000000,#000000
17,8,219,#000000,#000000
18,8,219,#000000,#000000
19,8,219,#000000,#000000
20,8,219,#000000,#000000
21,8,219,#000000,#000000
22,8,219,#000000,#000000
23,8,95,#4D4D4D,#000000
24,8,95,#4D4D4D,#000000
25,8,95,#4D4D4D,#000000
26,8,47,#4D4D4D,#000000
27,8,219,#000000,#000000
28,8,219,#000000,#000000
29,8,219,#000000,#000000
30,8,219,#000000,#000000
31,8,219,#000000,#000000
32,8,219,#000000,#000000
33,8,47,#4D4D4D,#000000
34,8,219,#000000,#000000
35,8,219,#000000,#000000
36,8,219,#000000,#000000
37,8,219,#000000,#000000
38,8,219,#000000,#000000
39,8,219,#000000,#000000
40,8,219,#000000,#000000
41,8,219,#000000,#000000
42,8,219,#000000,#000000
43,8,92,#4D4D4D,#000000
44,8,219,#000000,#000000
45,8,219,#000000,#000000
46,8,219,#000000,#000000
47,8,219,#000000,#000000
48,8,219,#000000,#000000
49,8,219,#000000,#000000
50,8,219,#000000,#000000
51,8,219,#000000,#000000
52,8,219,#000000,#000000
53,8,219,#000000,#000000
54,8,219,#000000,#000000
55,8,186,#FFFFFF,#000000
0,9,186,#FFFFFF,#000000
1,9,219,#000000,#000000
2,9,179,#4D4D4D,#000000
3,9,32,#000000,#000000
4,9,32,#000000,#000000
5,9,32,#000000,#000000
6,9,32,#000000,#000000
7,9,32,#000000,#000000
8,9,32,#000000,#000000
9,9,32,#000000,#000000
10,9,179,#4D4D4D,#000000
11,9,219,#000000,#000000
12,9,219,#000000,#000000
13,9,219,#000000,#000000
14,9,219,#000000,#000000
15,9,219,#000000,#000000
16,9,219,#000000,#000000
17,9,219,#000000,#000000
18,9,219,#000000,#000000
19,9,219,#000000,#000000
20,9,95,#4D4D4D,#000000
21,9,95,#4D4D4D,#000000
22,9,47,#4D4D4D,#000000
23,9,219,#000000,#000000
24,9,219,#000000,#000000
25,9,219,#000000,#000000
26,9,219,#000000,#000000
27,9,219,#000000,#000000
28,9,219,#000000,#000000
29,9,219,#000000,#000000
30,9,219,#000000,#000000
31,9,219,#000000,#000000
32,9,47,#4D4D4D,#000000
33,9,219,#000000,#000000
34,9,219,#000000,#000000
35,9,219,#000000,#000000
36,9,219,#000000,#000000
37,9,219,#000000,#000000
38,9,219,#000000,#000000
39,9,219,#000000,#000000
40,9,219,#000000,#000000
41,9,219,#000000,#000000
42,9,219,#000000,#000000
43,9,219,#000000,#000000
44,9,218,#4D4D4D,#000000
45,9,196,#4D4D4D,#000000
46,9,196,#4D4D4D,#000000
47,9,196,#4D4D4D,#000000
48,9,196,#4D4D4D,#000000
49,9,196,#4D4D4D,#000000
50,9,196,#4D4D4D,#000000
51,9,196,#4D4D4D,#000000
52,9,196,#4D4D4D,#000000
53,9,191,#4D4D4D,#000000
54,9,219,#000000,#000000
55,9,186,#FFFFFF,#000000
0,10,186,#FFFFFF,#000000
1,10,219,#000000,#000000
2,10,179,#4D4D4D,#000000
3,10,32,#000000,#000000
4,10,32,#000000,#000000
5,10,67,#4D4D4D,#000000
6,10,84,#4D4D4D,#000000
7,10,84,#4D4D4D,#000000
8,10,32,#000000,#000000
9,10,32,#000000,#000000
10,10,179,#4D4D4D,#000000
11,10,219,#000000,#000000
12,10,219,#000000,#000000
13,10,219,#000000,#000000
14,10,219,#000000,#000000
15,10,219,#000000,#000000
16,10,219,#000000,#000000
17,10,95,#4D4D4D,#000000
18,10,95,#4D4D4D,#000000
19,10,47,#4D4D4D,#000000
20,10,219,#000000,#000000
21,10,219,#000000,#000000
22,10,219,#000000,#000000
23,10,219,#000000,#000000
24,10,219,#000000,#000000
25,10,219,#000000,#000000
26,10,219,#000000,#000000
27,10,219,#000000,#000000
28,10,219,#000000,#000000
29,10,219,#000000,#000000
30,10,219,#000000,#000000
31,10,219,#000000,#000000
32,10,47,#4D4D4D,#000000
33,10,219,#000000,#000000
34,10,219,#000000,#000000
35,10,219,#000000,#000000
36,10,219,#000000,#000000
37,10,219,#000000,#000000
38,10,219,#000000,#000000
39,10,219,#000000,#000000
40,10,219,#000000,#000000
41,10,219,#000000,#000000
42,10,219,#000000,#000000
43,10,219,#000000,#000000
44,10,179,#4D4D4D,#000000
45,10,32,#000000,#000000
46,10,32,#000000,#000000
47,10,32,#000000,#000000
48,10,32,#000000,#000000
49,10,32,#000000,#000000
50,10,32,#000000,#000000
51,10,32,#000000,#000000
52,10,32,#000000,#000000
53,10,179,#4D4D4D,#000000
54,10,219,#000000,#000000
55,10,186,#FFFFFF,#000000
0,11,186,#FFFFFF,#000000
1,11,219,#000000,#000000
2,11,179,#4D4D4D,#000000
3,11,32,#000000,#000000
4,11,32,#000000,#000000
5,11,32,#000000,#000000
6,11,32,#000000,#000000
7,11,32,#000000,#000000
8,11,32,#000000,#000000
9,11,32,#000000,#000000
10,11,179,#4D4D4D,#000000
11,11,219,#000000,#000000
12,11,219,#000000,#000000
13,11,95,#4D4D4D,#000000
14,11,95,#4D4D4D,#000000
15,11,95,#4D4D4D,#000000
16,11,47,#4D4D4D,#000000
17,11,219,#000000,#000000
18,11,219,#000000,#000000
19,11,219,#000000,#000000
20,11,219,#000000,#000000
21,11,219,#000000,#000000
22,11,219,#000000,#000000
23,11,219,#000000,#000000
24,11,219,#000000,#000000
25,11,219,#000000,#000000
26,11,219,#000000,#000000
27,11,219,#000000,#000000
28,11,219,#000000,#000000
29,11,219,#000000,#000000
30,11,219,#000000,#000000
31,11,47,#4D4D4D,#000000
32,11,219,#000000,#000000
33,11,219,#000000,#000000
34,11,219,#000000,#000000
35,11,219,#000000,#000000
36,11,219,#000000,#000000
37,11,219,#000000,#000000
38,11,219,#000000,#000000
39,11,219,#000000,#000000
40,11,219,#000000,#000000
41,11,219,#000000,#000000
42,11,219,#000000,#000000
43,11,219,#000000,#000000
44,11,179,#4D4D4D,#000000
45,11,32,#000000,#000000
46,11,32,#000000,#000000
47,11,67,#4D4D4D,#000000
48,11,97,#4D4D4D,#000000
49,11,102,#4D4D4D,#000000
50,11,101,#4D4D4D,#000000
51,11,32,#000000,#000000
52,11,32,#000000,#000000
53,11,179,#4D4D4D,#000000
54,11,219,#000000,#000000
55,11,186,#FFFFFF,#000000
0,12,186,#FFFFFF,#000000
1,12,219,#000000,#000000
2,12,192,#4D4D4D,#000000
3,12,196,#4D4D4D,#000000
4,12,196,#4D4D4D,#000000
5,12,196,#4D4D4D,#000000
6,12,196,#4D4D4D,#000000
7,12,196,#4D4D4D,#000000
8,12,196,#4D4D4D,#000000
9,12,196,#4D4D4D,#000000
10,12,217,#4D4D4D,#000000
11,12,95,#4D4D4D,#000000
12,12,47,#4D4D4D,#000000
13,12,219,#000000,#000000
14,12,219,#000000,#000000
15,12,219,#000000,#000000
16,12,219,#000000,#000000
17,12,219,#000000,#000000
18,12,219,#000000,#000000
19,12,219,#000000,#000000
20,12,219,#000000,#000000
21,12,219,#000000,#000000
22,12,219,#000000,#000000
23,12,219,#000000,#000000
24,12,219,#000000,#000000
25,12,219,#000000,#000000
26,12,219,#000000,#000000
27,12,219,#000000,#000000
28,12,219,#000000,#000000
29,12,219,#000000,#000000
30,12,219,#000000,#000000
31,12,47,#4D4D4D,#000000
32,12,219,#000000,#000000
33,12,219,#000000,#000000
34,12,219,#000000,#000000
35,12,219,#000000,#000000
36,12,219,#000000,#000000
37,12,219,#000000,#000000
38,12,219,#000000,#000000
39,12,219,#000000,#000000
40,12,219,#000000,#000000
41,12,219,#000000,#000000
42,12,219,#000000,#000000
43,12,219,#000000,#000000
44,12,179,#4D4D4D,#000000
45,12,32,#000000,#000000
46,12,32,#000000,#000000
47,12,32,#000000,#000000
48,12,32,#000000,#000000
49,12,32,#000000,#000000
50,12,32,#000000,#000000
51,12,32,#000000,#000000
52,12,32,#000000,#000000
53,12,179,#4D4D4D,#000000
54,12,219,#000000,#000000
55,12,186,#FFFFFF,#000000
0,13,186,#FFFFFF,#000000
1,13,219,#000000,#000000
2,13,194,#4D4D4D,#000000
3,13,219,#000000,#000000
4,13,219,#000000,#000000
5,13,219,#000000,#000000
6,13,219,#000000,#000000
7,13,219,#000000,#000000
8,13,219,#000000,#000000
9,13,219,#000000,#000000
10,13,219,#000000,#000000
11,13,219,#000000,#000000
12,13,219,#000000,#000000
13,13,219,#000000,#000000
14,13,219,#000000,#000000
15,13,219,#000000,#000000
16,13,219,#000000,#000000
17,13,219,#000000,#000000
18,13,219,#000000,#000000
19,13,219,#000000,#000000
20,13,219,#000000,#000000
21,13,219,#000000,#000000
22,13,219,#000000,#000000
23,13,219,#000000,#000000
24,13,219,#000000,#000000
25,13,219,#000000,#000000
26,13,219,#000000,#000000
27,13,219,#000000,#000000
28,13,219,#000000,#000000
29,13,219,#000000,#000000
30,13,47,#4D4D4D,#000000
31,13,219,#000000,#000000
32,13,219,#000000,#000000
33,13,219,#000000,#000000
34,13,219,#000000,#000000
35,13,219,#000000,#000000
36,13,219,#000000,#000000
37,13,219,#000000,#000000
38,13,219,#000000,#000000
39,13,219,#000000,#000000
40,13,219,#000000,#000000
41,13,219,#000000,#000000
42,13,219,#000000,#000000
43,13,219,#000000,#000000
44,13,192,#4D4D4D,#000000
45,13,196,#4D4D4D,#000000
46,13,196,#4D4D4D,#000000
47,13,196,#4D4D4D,#000000
48,13,196,#4D4D4D,#000000
49,13,196,#4D4D4D,#000000
50,13,196,#4D4D4D,#000000
51,13,196,#4D4D4D,#000000
52,13,196,#4D4D4D,#000000
53,13,217,#4D4D4D,#000000
54,13,219,#000000,#000000
55,13,186,#FFFFFF,#000000
0,14,186,#FFFFFF,#000000
1,14,219,#000000,#000000
2,14,179,#4D4D4D,#000000
3,14,219,#000000,#000000
4,14,219,#000000,#000000
5,14,219,#000000,#000000
6,14,219,#000000,#000000
7,14,219,#000000,#000000
8,14,219,#000000,#000000
9,14,219,#000000,#000000
10,14,219,#000000,#000000
11,14,219,#000000,#000000
12,14,219,#000000,#000000
13,14,219,#000000,#000000
14,14,219,#000000,#000000
15,14,219,#000000,#000000
16,14,219,#000000,#000000
17,14,219,#000000,#000000
18,14,219,#000000,#000000
19,14,219,#000000,#000000
20,14,219,#000000,#000000
21,14,219,#000000,#000000
22,14,219,#000000,#000000
23,14,219,#000000,#000000
24,14,219,#000000,#000000
25,14,219,#000000,#000000
26,14,219,#000000,#000000
27,14,219,#000000,#000000
28,14,219,#000000,#000000
29,14,219,#000000,#000000
30,14,47,#4D4D4D,#000000
31,14,219,#000000,#000000
32,14,219,#000000,#000000
33,14,219,#000000,#000000
34,14,219,#000000,#000000
35,14,219,#000000,#000000
36,14,219,#000000,#000000
37,14,219,#000000,#000000
38,14,219,#000000,#000000
39,14,219,#000000,#000000
40,14,219,#000000,#000000
41,14,219,#000000,#000000
42,14,219,#000000,#000000
43,14,219,#000000,#000000
44,14,219,#000000,#000000
45,14,219,#000000,#000000
46,14,219,#000000,#000000
47,14,219,#000000,#000000
48,14,219,#000000,#000000
49,14,219,#000000,#000000
50,14,219,#000000,#000000
51,14,219,#000000,#000000
52,14,219,#000000,#000000
53,14,194,#4D4D4D,#000000
54,14,219,#000000,#000000
55,14,186,#FFFFFF,#000000
0,15,186,#FFFFFF,#000000
1,15,219,#000000,#000000
2,15,179,#4D4D4D,#000000
3,15,219,#000000,#000000
4,15,219,#000000,#000000
5,15,219,#000000,#000000
6,15,219,#000000,#000000
7,15,219,#000000,#000000
8,15,219,#000000,#000000
9,15,219,#000000,#000000
10,15,219,#000000,#000000
11,15,219,#000000,#000000
12,15,219,#000000,#000000
13,15,219,#000000,#000000
14,15,219,#000000,#000000
15,15,219,#000000,#000000
16,15,219,#000000,#000000
17,15,219,#000000,#000000
18,15,219,#000000,#000000
19,15,219,#000000,#000000
20,15,219,#000000,#000000
21,15,219,#000000,#000000
22,15,219,#000000,#000000
23,15,219,#000000,#000000
24,15,219,#000000,#000000
25,15,219,#000000,#000000
26,15,219,#000000,#000000
27,15,219,#000000,#000000
28,15,219,#000000,#000000
29,15,47,#4D4D4D,#000000
30,15,219,#000000,#000000
31,15,219,#000000,#000000
32,15,219,#000000,#000000
33,15,219,#000000,#000000
34,15,219,#000000,#000000
35,15,219,#000000,#000000
36,15,219,#000000,#000000
37,15,219,#000000,#000000
38,15,219,#000000,#000000
39,15,219,#000000,#000000
40,15,219,#000000,#000000
41,15,219,#000000,#000000
42,15,219,#000000,#000000
43,15,219,#000000,#000000
44,15,219,#000000,#000000
45,15,219,#000000,#000000
46,15,219,#000000,#000000
47,15,219,#000000,#000000
48,15,219,#000000,#000000
49,15,219,#000000,#000000
50,15,219,#000000,#000000
51,15,219,#000000,#000000
52,15,219,#000000,#000000
53,15,179,#4D4D4D,#000000
54,15,219,#000000,#000000
55,15,186,#FFFFFF,#000000
0,16,186,#FFFFFF,#000000
1,16,219,#000000,#000000
2,16,179,#4D4D4D,#000000
3,16,219,#000000,#000000
4,16,219,#000000,#000000
5,16,219,#000000,#000000
6,16,219,#000000,#000000
7,16,219,#000000,#000000
8,16,219,#000000,#000000
9,16,219,#000000,#000000
10,16,219,#000000,#000000
11,16,219,#000000,#000000
12,16,219,#000000,#000000
13,16,219,#000000,#000000
14,16,219,#000000,#000000
15,16,219,#000000,#000000
16,16,219,#000000,#000000
17,16,219,#000000,#000000
18,16,219,#000000,#000000
19,16,219,#000000,#000000
20,16,219,#000000,#000000
21,16,219,#000000,#000000
22,16,219,#000000,#000000
23,16,219,#000000,#000000
24,16,219,#000000,#000000
25,16,219,#000000,#000000
26,16,219,#000000,#000000
27,16,219,#000000,#000000
28,16,219,#000000,#000000
29,16,47,#4D4D4D,#000000
30,16,219,#000000,#000000
31,16,219,#000000,#000000
32,16,219,#000000,#000000
33,16,219,#000000,#000000
34,16,219,#000000,#000000
35,16,219,#000000,#000000
36,16,219,#000000,#000000
37,16,219,#000000,#000000
38,16,219,#000000,#000000
39,16,219,#000000,#000000
40,16,219,#000000,#000000
41,16,219,#000000,#000000
42,16,219,#000000,#000000
43,16,219,#000000,#000000
44,16,219,#000000,#000000
45,16,219,#000000,#000000
46,16,219,#000000,#000000
47,16,219,#000000,#000000
48,16,219,#000000,#000000
49,16,91,#000000,#000000
50,16,87,#000000,#000000
51,16,93,#000000,#000000
52,16,219,#000000,#000000
53,16,179,#4D4D4D,#000000
54,16,219,#000000,#000000
55,16,186,#FFFFFF,#000000
0,17,186,#FFFFFF,#000000
1,17,219,#000000,#000000
2,17,179,#4D4D4D,#000000
3,17,219,#000000,#000000
4,17,219,#000000,#000000
5,17,219,#000000,#000000
6,17,219,#000000,#000000
7,17,219,#000000,#000000
8,17,219,#000000,#000000
9,17,219,#000000,#000000
10,17,219,#000000,#000000
11,17,219,#000000,#000000
12,17,219,#000000,#000000
13,17,219,#000000,#000000
14,17,219,#000000,#000000
15,17,219,#000000,#000000
16,17,219,#000000,#000000
17,17,219,#000000,#000000
18,17,219,#000000,#000000
19,17,219,#000000,#000000
20,17,219,#000000,#000000
21,17,219,#000000,#000000
22,17,219,#000000,#000000
23,17,219,#000000,#000000
24,17,219,#000000,#000000
25,17,219,#000000,#000000
26,17,219,#000000,#000000
27,17,219,#000000,#000000
28,17,47,#4D4D4D,#000000
29,17,219,#000000,#000000
30,17,219,#000000,#000000
31,17,219,#000000,#000000
32,17,219,#000000,#000000
33,17,219,#000000,#000000
34,17,219,#000000,#000000
35,17,219,#000000,#000000
36,17,219,#000000,#000000
37,17,219,#000000,#000000
38,17,219,#000000,#000000
39,17,219,#000000,#000000
40,17,219,#000000,#000000
41,17,219,#000000,#000000
42,17,219,#000000,#000000
43,17,219,#000000,#000000
44,17,219,#000000,#000000
45,17,219,#000000,#000000
46,17,219,#000000,#000000
47,17,219,#000000,#000000
48,17,219,#000000,#000000
49,17,219,#000000,#000000
50,17,219,#000000,#000000
51,17,219,#000000,#000000
52,17,219,#000000,#000000
53,17,179,#4D4D4D,#000000
54,17,219,#000000,#000000
55,17,186,#FFFFFF,#000000
0,18,186,#FFFFFF,#000000
1,18,219,#000000,#000000
2,18,179,#4D4D4D,#000000
3,18,219,#000000,#000000
4,18,219,#000000,#000000
5,18,219,#000000,#000000
6,18,219,#000000,#000000
7,18,219,#000000,#000000
8,18,219,#000000,#000000
9,18,219,#000000,#000000
10,18,219,#000000,#000000
11,18,219,#000000,#000000
12,18,219,#000000,#000000
13,18,219,#000000,#000000
14,18,219,#000000,#000000
15,18,219,#000000,#000000
16,18,219,#000000,#000000
17,18,219,#000000,#000000
18,18,219,#000000,#000000
19,18,219,#000000,#000000
20,18,219,#000000,#000000
21,18,219,#000000,#000000
22,18,219,#000000,#000000
23,18,219,#000000,#000000
24,18,219,#000000,#000000
25,18,219,#000000,#000000
26,18,219,#000000,#000000
27,18,219,#000000,#000000
28,18,47,#4D4D4D,#000000
29,18,219,#000000,#000000
30,18,219,#000000,#000000
31,18,219,#000000,#000000
32,18,219,#000000,#000000
33,18,219,#000000,#000000
34,18,219,#000000,#000000
35,18,219,#000000,#000000
36,18,219,#000000,#000000
37,18,219,#000000,#000000
38,18,219,#000000,#000000
39,18,219,#000000,#000000
40,18,219,#000000,#000000
41,18,219,#000000,#000000
42,18,219,#000000,#000000
43,18,219,#000000,#000000
44,18,219,#000000,#000000
45,18,219,#000000,#000000
46,18,219,#000000,#000000
47,18,219,#000000,#000000
48,18,219,#000000,#000000
49,18,219,#000000,#000000
50,18,219,#000000,#000000
51,18,219,#000000,#000000
52,18,219,#000000,#000000
53,18,193,#4D4D4D,#000000
54,18,219,#000000,#000000
55,18,186,#FFFFFF,#000000
0,19,186,#FFFFFF,#000000
1,19,219,#000000,#000000
2,19,179,#4D4D4D,#000000
3,19,219,#000000,#000000
4,19,219,#000000,#000000
5,19,219,#000000,#000000
6,19,219,#000000,#000000
7,19,219,#000000,#000000
8,19,219,#000000,#000000
9,19,219,#000000,#000000
10,19,219,#000000,#000000
11,19,219,#000000,#000000
12,19,219,#000000,#000000
13,19,219,#000000,#000000
14,19,219,#000000,#000000
15,19,219,#000000,#000000
16,19,219,#000000,#000000
17,19,219,#000000,#000000
18,19,219,#000000,#000000
19,19,219,#000000,#000000
20,19,219,#000000,#000000
21,19,219,#000000,#000000
22,19,219,#000000,#000000
23,19,219,#000000,#000000
24,19,219,#000000,#000000
25,19,219,#000000,#000000
26,19,219,#000000,#000000
27,19,47,#4D4D4D,#000000
28,19,219,#000000,#000000
29,19,219,#000000,#000000
30,19,219,#000000,#000000
31,19,219,#000000,#000000
32,19,219,#000000,#000000
33,19,219,#000000,#000000
34,19,219,#000000,#000000
35,19,219,#000000,#000000
36,19,219,#000000,#000000
37,19,219,#000000,#000000
38,19,219,#000000,#000000
39,19,219,#000000,#000000
40,19,219,#000000,#000000
41,19,219,#000000,#000000
42,19,218,#4D4D4D,#000000
43,19,196,#4D4D4D,#000000
44,19,196,#4D4D4D,#000000
45,19,196,#4D4D4D,#000000
46,19,196,#4D4D4D,#000000
47,19,196,#4D4D4D,#000000
48,19,196,#4D4D4D,#000000
49,19,196,#4D4D4D,#000000
50,19,196,#4D4D4D,#000000
51,19,196,#4D4D4D,#000000
52,19,196,#4D4D4D,#000000
53,19,191,#4D4D4D,#000000
54,19,219,#000000,#000000
55,19,186,#FFFFFF,#000000
0,20,186,#FFFFFF,#000000
1,20,219,#000000,#000000
2,20,193,#4D4D4D,#000000
3,20,219,#000000,#000000
4,20,219,#000000,#000000
5,20,219,#000000,#000000
6,20,219,#000000,#000000
7,20,219,#000000,#000000
8,20,219,#000000,#000000
9,20,219,#000000,#000000
10,20,219,#000000,#000000
11,20,219,#000000,#000000
12,20,219,#000000,#000000
13,20,219,#000000,#000000
14,20,219,#000000,#000000
15,20,219,#000000,#000000
16,20,219,#000000,#000000
17,20,219,#000000,#000000
18,20,219,#000000,#000000
19,20,219,#000000,#000000
20,20,219,#000000,#000000
21,20,219,#000000,#000000
22,20,219,#000000,#000000
23,20,219,#000000,#000000
24,20,219,#000000,#000000
25,20,219,#000000,#000000
26,20,219,#000000,#000000
27,20,47,#4D4D4D,#000000
28,20,219,#000000,#000000
29,20,219,#000000,#000000
30,20,219,#000000,#000000
31,20,219,#000000,#000000
32,20,219,#000000,#000000
33,20,219,#000000,#000000
34,20,219,#000000,#000000
35,20,219,#000000,#000000
36,20,219,#000000,#000000
37,20,219,#000000,#000000
38,20,219,#000000,#000000
39,20,219,#000000,#000000
40,20,219,#000000,#000000
41,20,219,#000000,#000000
42,20,179,#4D4D4D,#000000
43,20,32,#000000,#000000
44,20,32,#000000,#000000
45,20,32,#000000,#000000
46,20,32,#000000,#000000
47,20,32,#000000,#000000
48,20,32,#000000,#000000
49,20,32,#000000,#000000
50,20,32,#000000,#000000
51,20,32,#000000,#000000
52,20,32,#000000,#000000
53,20,179,#4D4D4D,#000000
54,20,219,#000000,#000000
55,20,186,#FFFFFF,#000000
0,21,186,#FFFFFF,#000000
1,21,219,#000000,#000000
2,21,218,#4D4D4D,#000000
3,21,196,#4D4D4D,#000000
4,21,196,#4D4D4D,#000000
5,21,196,#4D4D4D,#000000
6,21,196,#4D4D4D,#000000
7,21,196,#4D4D4D,#000000
8,21,196,#4D4D4D,#000000
9,21,196,#4D4D4D,#000000
10,21,196,#4D4D4D,#000000
11,21,191,#4D4D4D,#000000
12,21,219,#000000,#000000
13,21,219,#000000,#000000
14,21,219,#000000,#000000
15,21,219,#000000,#000000
16,21,219,#000000,#000000
17,21,219,#000000,#000000
18,21,219,#000000,#000000
19,21,219,#000000,#000000
20,21,219,#000000,#000000
21,21,219,#000000,#000000
22,21,219,#000000,#000000
23,21,219,#000000,#000000
24,21,219,#000000,#000000
25,21,219,#000000,#000000
26,21,47,#4D4D4D,#000000
27,21,219,#000000,#000000
28,21,219,#000000,#000000
29,21,219,#000000,#000000
30,21,219,#000000,#000000
31,21,219,#000000,#000000
32,21,219,#000000,#000000
33,21,219,#000000,#000000
34,21,219,#000000,#000000
35,21,219,#000000,#000000
36,21,219,#000000,#000000
37,21,219,#000000,#000000
38,21,219,#000000,#000000
39,21,219,#000000,#000000
40,21,219,#000000,#000000
41,21,219,#000000,#000000
42,21,179,#4D4D4D,#000000
43,21,32,#000000,#000000
44,21,32,#000000,#000000
45,21,67,#4D4D4D,#000000
46,21,104,#4D4D4D,#000000
47,21,97,#4D4D4D,#000000
48,21,112,#4D4D4D,#000000
49,21,101,#4D4D4D,#000000
50,21,108,#4D4D4D,#000000
51,21,32,#000000,#000000
52,21,32,#000000,#000000
53,21,179,#4D4D4D,#000000
54,21,219,#000000,#000000
55,21,186,#FFFFFF,#000000
0,22,186,#FFFFFF,#000000
1,22,219,#000000,#000000
2,22,179,#4D4D4D,#000000
3,22,32,#000000,#000000
4,22,32,#000000,#000000
5,22,32,#000000,#000000
6,22,32,#000000,#000000
7,22,32,#000000,#000000
8,22,32,#000000,#000000
9,22,32,#000000,#000000
10,22,32,#000000,#000000
11,22,179,#4D4D4D,#000000
12,22,219,#000000,#000000
13,22,219,#000000,#000000
14,22,219,#000000,#000000
15,22,219,#000000,#000000
16,22,219,#000000,#000000
17,22,219,#000000,#000000
18,22,219,#000000,#000000
19,22,219,#000000,#000000
20,22,219,#000000,#000000
21,22,219,#000000,#000000
22,22,219,#000000,#000000
23,22,219,#000000,#000000
24,22,219,#000000,#000000
25,22,219,#000000,#000000
26,22,47,#4D4D4D,#000000
27,22,219,#000000,#000000
28,22,219,#000000,#000000
29,22,219,#000000,#000000
30,22,219,#000000,#000000
31,22,219,#000000,#000000
32,22,219,#000000,#000000
33,22,219,#000000,#000000
34,22,219,#000000,#000000
35,22,219,#000000,#000000
36,22,219,#000000,#000000
37,22,219,#000000,#000000
38,22,219,#000000,#000000
39,22,219,#000000,#000000
40,22,219,#000000,#000000
41,22,219,#000000,#000000
42,22,179,#4D4D4D,#000000
43,22,32,#000000,#000000
44,22,32,#000000,#000000
45,22,32,#000000,#000000
46,22,32,#000000,#000000
47,22,32,#000000,#000000
48,22,32,#000000,#000000
49,22,32,#000000,#000000
50,22,32,#000000,#000000
51,22,32,#000000,#000000
52,22,32,#000000,#000000
53,22,179,#4D4D4D,#000000
54,22,219,#000000,#000000
55,22,186,#FFFFFF,#000000
0,23,186,#FFFFFF,#000000
1,23,219,#000000,#000000
2,23,179,#4D4D4D,#000000
3,23,32,#000000,#000000
4,23,32,#000000,#000000
5,23,69,#4D4D4D,#000000
6,23,103,#4D4D4D,#000000
7,23,97,#4D4D4D,#000000
8,23,110,#4D4D4D,#000000
9,23,32,#000000,#000000
10,23,32,#000000,#000000
11,23,179,#4D4D4D,#000000
12,23,219,#000000,#000000
13,23,219,#000000,#000000
14,23,219,#000000,#000000
15,23,219,#000000,#000000
16,23,219,#000000,#000000
17,23,219,#000000,#000000
18,23,219,#000000,#000000
19,23,219,#000000,#000000
20,23,219,#000000,#000000
21,23,219,#000000,#000000
22,23,219,#000000,#000000
23,23,219,#000000,#000000
24,23,219,#000000,#000000
25,23,47,#4D4D4D,#000000
26,23,219,#000000,#000000
27,23,219,#000000,#000000
28,23,219,#000000,#000000
29,23,219,#000000,#000000
30,23,219,#000000,#000000
31,23,219,#000000,#000000
32,23,219,#000000,#000000
33,23,219,#000000,#000000
34,23,219,#000000,#000000
35,23,219,#000000,#000000
36,23,219,#000000,#000000
37,23,219,#000000,#000000
38,23,219,#000000,#000000
39,23,219,#000000,#000000
40,23,219,#000000,#000000
41,23,219,#000000,#000000
42,23,192,#4D4D4D,#000000
43,23,196,#4D4D4D,#000000
44,23,196,#4D4D4D,#000000
45,23,196,#4D4D4D,#000000
46,23,196,#4D4D4D,#000000
47,23,196,#4D4D4D,#000000
48,23,196,#4D4D4D,#000000
49,23,196,#4D4D4D,#000000
50,23,196,#4D4D4D,#000000
51,23,196,#4D4D4D,#000000
52,23,196,#4D4D4D,#000000
53,23,217,#4D4D4D,#000000
54,23,219,#000000,#000000
55,23,186,#FFFFFF,#000000
0,24,186,#FFFFFF,#000000
1,24,219,#000000,#000000
2,24,179,#4D4D4D,#000000
3,24,32,#000000,#000000
4,24,32,#000000,#000000
5,24,32,#000000,#000000
6,24,32,#000000,#000000
7,24,32,#000000,#000000
8,24,32,#000000,#000000
9,24,32,#000000,#000000
10,24,32,#000000,#000000
11,24,179,#4D4D4D,#000000
12,24,219,#000000,#000000
13,24,219,#000000,#000000
14,24,219,#000000,#000000
15,24,219,#000000,#000000
16,24,219,#000000,#000000
17,24,219,#000000,#000000
18,24,219,#000000,#000000
19,24,219,#000000,#000000
20,24,219,#000000,#000000
21,24,219,#000000,#000000
22,24,219,#000000,#000000
23,24,219,#000000,#000000
24,24,219,#000000,#000000
25,24,47,#4D4D4D,#000000
26,24,219,#000000,#000000
27,24,219,#000000,#000000
28,24,219,#000000,#000000
29,24,219,#000000,#000000
30,24,219,#000000,#000000
31,24,219,#000000,#000000
32,24,219,#000000,#000000
33,24,219,#000000,#000000
34,24,219,#000000,#000000
35,24,219,#000000,#000000
36,24,219,#000000,#000000
37,24,219,#000000,#000000
38,24,219,#000000,#000000
39,24,219,#000000,#000000
40,24,219,#000000,#000000
41,24,219,#000000,#000000
42,24,219,#000000,#000000
43,24,47,#FFFFFF,#000000
44,24,219,#000000,#000000
45,24,219,#000000,#000000
46,24,219,#000000,#000000
47,24,219,#000000,#000000
48,24,219,#000000,#000000
49,24,219,#000000,#000000
50,24,219,#000000,#000000
51,24,219,#000000,#000000
52,24,219,#000000,#000000
53,24,219,#000000,#000000
54,24,219,#000000,#000000
55,24,186,#FFFFFF,#000000
0,25,186,#FFFFFF,#000000
1,25,219,#000000,#000000
2,25,192,#4D4D4D,#000000
3,25,196,#4D4D4D,#000000
4,25,196,#4D4D4D,#000000
5,25,196,#4D4D4D,#000000
6,25,196,#4D4D4D,#000000
7,25,196,#4D4D4D,#000000
8,25,196,#4D4D4D,#000000
9,25,196,#4D4D4D,#000000
10,25,196,#4D4D4D,#000000
11,25,217,#4D4D4D,#000000
12,25,219,#000000,#000000
13,25,219,#000000,#000000
14,25,219,#000000,#000000
15,25,219,#000000,#000000
16,25,219,#000000,#000000
17,25,219,#000000,#000000
18,25,219,#000000,#000000
19,25,219,#000000,#000000
20,25,219,#000000,#000000
21,25,219,#000000,#000000
22,25,219,#000000,#000000
23,25,219,#000000,#000000
24,25,47,#4D4D4D,#000000
25,25,219,#000000,#000000
26,25,219,#000000,#000000
27,25,219,#000000,#000000
28,25,219,#000000,#000000
29,25,219,#000000,#000000
30,25,219,#000000,#000000
31,25,219,#000000,#000000
32,25,219,#000000,#000000
33,25,219,#000000,#000000
34,25,219,#000000,#000000
35,25,219,#000000,#000000
36,25,219,#000000,#000000
37,25,219,#000000,#000000
38,25,219,#000000,#000000
39,25,219,#000000,#000000
40,25,219,#000000,#000000
41,25,219,#000000,#000000
42,25,47,#FFFFFF,#000000
43,25,219,#000000,#000000
44,25,219,#000000,#000000
45,25,219,#000000,#000000
46,25,219,#000000,#000000
47,25,219,#000000,#000000
48,25,219,#000000,#000000
49,25,219,#000000,#000000
50,25,219,#000000,#000000
51,25,219,#000000,#000000
52,25,219,#000000,#000000
53,25,219,#000000,#000000
54,25,219,#000000,#000000
55,25,186,#FFFFFF,#000000
0,26,186,#FFFFFF,#000000
1,26,219,#000000,#000000
2,26,219,#000000,#000000
3,26,219,#000000,#000000
4,26,219,#000000,#000000
5,26,219,#000000,#000000
6,26,219,#000000,#000000
7,26,219,#000000,#000000
8,26,219,#000000,#000000
9,26,219,#000000,#000000
10,26,219,#000000,#000000
11,26,219,#000000,#000000
12,26,92,#4D4D4D,#000000
13,26,219,#000000,#000000
14,26,219,#000000,#000000
15,26,219,#000000,#000000
16,26,219,#000000,#000000
17,26,219,#000000,#000000
18,26,219,#000000,#000000
19,26,219,#000000,#000000
20,26,219,#000000,#000000
21,26,219,#000000,#000000
22,26,219,#000000,#000000
23,26,219,#000000,#000000
24,26,47,#4D4D4D,#000000
25,26,219,#000000,#000000
26,26,219,#000000,#000000
27,26,219,#000000,#000000
28,26,219,#000000,#000000
29,26,219,#000000,#000000
30,26,219,#000000,#000000
31,26,219,#000000,#000000
32,26,219,#000000,#000000
33,26,219,#000000,#000000
34,26,219,#000000,#000000
35,26,219,#000000,#000000
36,26,219,#000000,#000000
37,26,219,#000000,#000000
38,26,219,#000000,#000000
39,26,219,#000000,#000000
40,26,219,#000000,#000000
41,26,47,#FFFFFF,#000000
42,26,219,#000000,#000000
43,26,219,#000000,#000000
44,26,219,#000000,#000000
45,26,219,#000000,#000000
46,26,219,#000000,#000000
47,26,219,#000000,#000000
48,26,219,#000000,#000000
49,26,219,#000000,#000000
50,26,219,#000000,#000000
51,26,219,#000000,#000000
52,26,219,#000000,#000000
53,26,219,#000000,#000000
54,26,219,#000000,#000000
55,26,186,#FFFFFF,#000000
0,27,186,#FFFFFF,#000000
1,27,219,#000000,#000000
2,27,219,#000000,#000000
3,27,219,#000000,#000000
4,27,219,#000000,#000000
5,27,219,#000000,#000000
6,27,219,#000000,#000000
7,27,219,#000000,#000000
8,27,219,#000000,#000000
9,27,219,#000000,#000000
10,27,219,#000000,#000000
11,27,219,#000000,#000000
12,27,219,#000000,#000000
13,27,92,#4D4D4D,#000000
14,27,218,#4D4D4D,#000000
15,27,196,#4D4D4D,#000000
16,27,196,#4D4D4D,#000000
17,27,196,#4D4D4D,#000000
18,27,196,#4D4D4D,#000000
19,27,196,#4D4D4D,#000000
20,27,196,#4D4D4D,#000000
21,27,196,#4D4D4D,#000000
22,27,196,#4D4D4D,#000000
23,27,191,#4D4D4D,#000000
24,27,219,#000000,#000000
25,27,219,#000000,#000000
26,27,219,#000000,#000000
27,27,219,#000000,#000000
28,27,218,#FFFFFF,#000000
29,27,196,#FFFFFF,#000000
30,27,196,#FFFFFF,#000000
31,27,196,#FFFFFF,#000000
32,27,196,#FFFFFF,#000000
33,27,196,#FFFFFF,#000000
34,27,196,#FFFFFF,#000000
35,27,196,#FFFFFF,#000000
36,27,196,#FFFFFF,#000000
37,27,196,#FFFFFF,#000000
38,27,196,#FFFFFF,#000000
39,27,196,#FFFFFF,#000000
40,27,191,#FFFFFF,#000000
41,27,219,#000000,#000000
42,27,219,#000000,#000000
43,27,219,#000000,#000000
44,27,219,#000000,#000000
45,27,219,#000000,#000000
46,27,219,#000000,#000000
47,27,219,#000000,#000000
48,27,219,#000000,#000000
49,27,219,#000000,#000000
50,27,219,#000000,#000000
51,27,219,#000000,#000000
52,27,219,#000000,#000000
53,27,219,#000000,#000000
54,27,219,#000000,#000000
55,27,186,#FFFFFF,#000000
0,28,186,#FFFFFF,#000000
1,28,219,#000000,#000000
2,28,219,#000000,#000000
3,28,219,#000000,#000000
4,28,219,#000000,#000000
5,28,219,#000000,#000000
6,28,219,#000000,#000000
7,28,219,#000000,#000000
8,28,219,#000000,#000000
9,28,219,#000000,#000000
10,28,219,#000000,#000000
11,28,219,#000000,#000000
12,28,219,#000000,#000000
13,28,219,#000000,#000000
14,28,179,#4D4D4D,#000000
15,28,32,#000000,#000000
16,28,32,#000000,#000000
17,28,32,#000000,#000000
18,28,32,#000000,#000000
19,28,32,#000000,#000000
20,28,32,#000000,#000000
21,28,32,#000000,#000000
22,28,32,#000000,#000000
23,28,179,#4D4D4D,#000000
24,28,219,#000000,#000000
25,28,91,#666666,#000000
26,28,65,#FFFFFF,#000000
27,28,93,#666666,#000000
28,28,179,#FFFFFF,#000000
29,28,32,#000000,#000000
30,28,32,#000000,#000000
31,28,32,#000000,#000000
32,28,32,#000000,#000000
33,28,32,#000000,#000000
34,28,32,#000000,#000000
35,28,32,#000000,#000000
36,28,32,#000000,#000000
37,28,32,#000000,#000000
38,28,32,#000000,#000000
39,28,32,#000000,#000000
40,28,179,#FFFFFF,#000000
41,28,91,#666666,#000000
42,28,68,#FFFFFF,#000000
43,28,93,#666666,#000000
44,28,219,#000000,#000000
45,28,219,#000000,#000000
46,28,219,#000000,#000000
47,28,219,#000000,#000000
48,28,219,#000000,#000000
49,28,219,#000000,#000000
50,28,219,#000000,#000000
51,28,219,#000000,#000000
52,28,219,#000000,#000000
53,28,219,#000000,#000000
54,28,219,#000000,#000000
55,28,186,#FFFFFF,#000000
0,29,186,#FFFFFF,#000000
1,29,219,#000000,#000000
2,29,219,#000000,#000000
3,29,219,#000000,#000000
4,29,219,#000000,#000000
5,29,219,#000000,#000000
6,29,219,#000000,#000000
7,29,219,#000000,#000000
8,29,219,#000000,#000000
9,29,219,#000000,#000000
10,29,219,#000000,#000000
11,29,219,#000000,#000000
12,29,219,#000000,#000000
13,29,219,#000000,#000000
14,29,179,#4D4D4D,#000000
15,29,32,#000000,#000000
16,29,32,#000000,#000000
17,29,67,#4D4D4D,#000000
18,29,79,#4D4D4D,#000000
19,29,68,#4D4D4D,#000000
20,29,65,#4D4D4D,#000000
21,29,32,#000000,#000000
22,29,32,#000000,#000000
23,29,179,#4D4D4D,#000000
24,29,219,#000000,#000000
25,29,219,#000000,#000000
26,29,219,#000000,#000000
27,29,219,#000000,#000000
28,29,179,#FFFFFF,#000000
29,29,32,#000000,#000000
30,29,32,#000000,#000000
31,29,76,#FFFFFF,#000000
32,29,105,#FFFFFF,#000000
33,29,98,#FFFFFF,#000000
34,29,114,#FFFFFF,#000000
35,29,97,#FFFFFF,#000000
36,29,114,#FFFFFF,#000000
37,29,121,#FFFFFF,#000000
38,29,32,#000000,#000000
39,29,32,#000000,#000000
40,29,179,#FFFFFF,#000000
41,29,219,#000000,#000000
42,29,219,#000000,#000000
43,29,219,#000000,#000000
44,29,219,#000000,#000000
45,29,219,#000000,#000000
46,29,219,#000000,#000000
47,29,219,#000000,#000000
48,29,219,#000000,#000000
49,29,219,#000000,#000000
50,29,219,#000000,#000000
51,29,219,#000000,#000000
52,29,219,#000000,#000000
53,29,219,#000000,#000000
54,29,219,#000000,#000000
55,29,186,#FFFFFF,#000000
0,30,186,#FFFFFF,#000000
1,30,219,#000000,#000000
2,30,219,#000000,#000000
3,30,219,#000000,#000000
4,30,219,#000000,#000000
5,30,219,#000000,#000000
6,30,219,#000000,#000000
7,30,219,#000000,#000000
8,30,219,#000000,#000000
9,30,219,#000000,#000000
10,30,219,#000000,#000000
11,30,219,#000000,#000000
12,30,219,#000000,#000000
13,30,219,#000000,#000000
14,30,179,#4D4D4D,#000000
15,30,32,#000000,#000000
16,30,32,#000000,#000000
17,30,32,#000000,#000000
18,30,32,#000000,#000000
19,30,32,#000000,#000000
20,30,32,#000000,#000000
21,30,32,#000000,#000000
22,30,32,#000000,#000000
23,30,179,#4D4D4D,#000000
24,30,219,#000000,#000000
25,30,219,#000000,#000000
26,30,219,#000000,#000000
27,30,219,#000000,#000000
28,30,179,#FFFFFF,#000000
29,30,32,#000000,#000000
30,30,32,#000000,#000000
31,30,32,#000000,#000000
32,30,32,#000000,#000000
33,30,32,#000000,#000000
34,30,32,#000000,#000000
35,30,32,#000000,#000000
36,30,32,#000000,#000000
37,30,32,#000000,#000000
38,30,32,#000000,#000000
39,30,32,#000000,#000000
40,30,179,#FFFFFF,#000000
41,30,219,#000000,#000000
42,30,219,#000000,#000000
43,30,219,#000000,#000000
44,30,219,#000000,#000000
45,30,219,#000000,#000000
46,30,219,#000000,#000000
47,30,219,#000000,#000000
48,30,219,#000000,#000000
49,30,219,#000000,#000000
50,30,219,#000000,#000000
51,30,219,#000000,#000000
52,30,219,#000000,#000000
53,30,219,#000000,#000000
54,30,219,#000000,#000000
55,30,186,#FFFFFF,#000000
0,31,186,#FFFFFF,#000000
1,31,219,#000000,#000000
2,31,219,#000000,#000000
3,31,219,#000000,#000000
4,31,219,#000000,#000000
5,31,219,#000000,#000000
6,31,219,#000000,#000000
7,31,219,#000000,#000000
8,31,219,#000000,#000000
9,31,219,#000000,#000000
10,31,219,#000000,#000000
11,31,219,#000000,#000000
12,31,219,#000000,#000000
13,31,219,#000000,#000000
14,31,192,#4D4D4D,#000000
15,31,196,#4D4D4D,#000000
16,31,196,#4D4D4D,#000000
17,31,196,#4D4D4D,#000000
18,31,196,#4D4D4D,#000000
19,31,196,#4D4D4D,#000000
20,31,196,#4D4D4D,#000000
21,31,196,#4D4D4D,#000000
22,31,196,#4D4D4D,#000000
23,31,217,#4D4D4D,#000000
24,31,195,#FFFFFF,#000000
25,31,196,#FFFFFF,#000000
26,31,196,#FFFFFF,#000000
27,31,180,#FFFFFF,#000000
28,31,192,#FFFFFF,#000000
29,31,196,#FFFFFF,#000000
30,31,196,#FFFFFF,#000000
31,31,196,#FFFFFF,#000000
32,31,196,#FFFFFF,#000000
33,31,196,#FFFFFF,#000000
34,31,196,#FFFFFF,#000000
35,31,196,#FFFFFF,#000000
36,31,196,#FFFFFF,#000000
37,31,196,#FFFFFF,#000000
38,31,196,#FFFFFF,#000000
39,31,196,#FFFFFF,#000000
40,31,217,#FFFFFF,#000000
41,31,219,#000000,#000000
42,31,219,#000000,#000000
43,31,219,#000000,#000000
44,31,219,#000000,#000000
45,31,219,#000000,#000000
46,31,219,#000000,#000000
47,31,219,#000000,#000000
48,31,219,#000000,#000000
49,31,219,#000000,#000000
50,31,219,#000000,#000000
51,31,219,#000000,#000000
52,31,219,#000000,#000000
53,31,219,#000000,#000000
54,31,219,#000000,#000000
55,31,186,#FFFFFF,#000000
0,32,186,#FFFFFF,#000000
1,32,219,#000000,#000000
2,32,219,#000000,#000000
3,32,219,#000000,#000000
4,32,219,#000000,#000000
5,32,219,#000000,#000000
6,32,219,#000000,#000000
7,32,219,#000000,#000000
8,32,219,#000000,#000000
9,32,219,#000000,#000000
10,32,219,#000000,#000000
11,32,219,#000000,#000000
12,32,219,#000000,#000000
13,32,219,#000000,#000000
14,32,219,#000000,#000000
15,32,219,#000000,#000000
16,32,219,#000000,#000000
17,32,219,#000000,#000000
18,32,219,#000000,#000000
19,32,219,#000000,#000000
20,32,219,#000000,#000000
21,32,219,#000000,#000000
22,32,219,#000000,#000000
23,32,219,#000000,#000000
24,32,219,#000000,#000000
25,32,219,#000000,#000000
26,32,219,#000000,#000000
27,32,219,#000000,#000000
28,32,219,#000000,#000000
29,32,219,#000000,#000000
30,32,219,#000000,#000000
31,32,219,#000000,#000000
32,32,219,#000000,#000000
33,32,219,#000000,#000000
34,32,219,#000000,#000000
35,32,219,#000000,#000000
36,32,219,#000000,#000000
37,32,219,#000000,#000000
38,32,219,#000000,#000000
39,32,219,#000000,#000000
40,32,219,#000000,#000000
41,32,219,#000000,#000000
42,32,219,#000000,#000000
43,32,219,#000000,#000000
44,32,219,#000000,#000000
45,32,219,#000000,#000000
46,32,219,#000000,#000000
47,32,219,#000000,#000000
48,32,219,#000000,#000000
49,32,219,#000000,#000000
50,32,219,#000000,#000000
51,32,219,#000000,#000000
52,32,219,#000000,#000000
53,32,219,#000000,#000000
54,32,219,#000000,#000000
55,32,186,#FFFFFF,#000000
0,33,200,#FFFFFF,#000000
1,33,205,#FFFFFF,#000000
2,33,205,#FFFFFF,#000000
3,33,205,#FFFFFF,#000000
4,33,205,#FFFFFF,#000000
5,33,205,#FFFFFF,#000000
6,33,205,#FFFFFF,#000000
7,33,205,#FFFFFF,#000000
8,33,205,#FFFFFF,#000000
9,33,205,#FFFFFF,#000000
10,33,205,#FFFFFF,#000000
11,33,205,#FFFFFF,#000000
12,33,205,#FFFFFF,#000000
13,33,205,#FFFFFF,#000000
14,33,205,#FFFFFF,#000000
15,33,205,#FFFFFF,#000000
16,33,205,#FFFFFF,#000000
17,33,205,#FFFFFF,#000000
18,33,205,#FFFFFF,#000000
19,33,205,#FFFFFF,#000000
20,33,205,#FFFFFF,#000000
21,33,205,#FFFFFF,#000000
22,33,205,#FFFFFF,#000000
23,33,205,#FFFFFF,#000000
24,33,205,#FFFFFF,#000000
25,33,205,#FFFFFF,#000000
26,33,205,#FFFFFF,#000000
27,33,205,#FFFFFF,#000000
28,33,205,#FFFFFF,#000000
29,33,205,#FFFFFF,#000000
30,33,205,#FFFFFF,#000000
31,33,205,#FFFFFF,#000000
32,33,205,#FFFFFF,#000000
33,33,205,#FFFFFF,#000000
34,33,205,#FFFFFF,#000000
35,33,205,#FFFFFF,#000000
36,33,205,#FFFFFF,#000000
37,33,205,#FFFFFF,#000000
38,33,205,#FFFFFF,#000000
39,33,205,#FFFFFF,#000000
40,33,205,#FFFFFF,#000000
41,33,205,#FFFFFF,#000000
42,33,205,#FFFFFF,#000000
43,33,205,#FFFFFF,#000000
44,33,205,#FFFFFF,#000000
45,33,205,#FFFFFF,#000000
46,33,205,#FFFFFF,#000000
47,33,205,#FFFFFF,#000000
48,33,205,#FFFFFF,#000000
49,33,205,#FFFFFF,#000000
50,33,205,#FFFFFF,#000000
51,33,205,#FFFFFF,#000000
52,33,205,#FFFFFF,#000000
53,33,205,#FFFFFF,#000000
54,33,205,#FFFFFF,#000000
55,33,188,#FFFFFF,#000000